Date,Browser,Visits
19-Feb-16,Microsoft Internet Explorer 11,17055
19-Feb-16,Microsoft Internet Explorer 9,1511
19-Feb-16,Microsoft Internet Explorer 10,1125
19-Feb-16,Microsoft Internet Explorer 8,566
19-Feb-16,Internet Explorer Mobile 11.0,171
19-Feb-16,Microsoft Internet Explorer (unknown version),15
19-Feb-16,Internet Explorer 11.0,11
19-Feb-16,Microsoft Internet Explorer 6.0,10
19-Feb-16,Microsoft Internet Explorer 7.0,8
19-Feb-16,Internet Explorer Mobile 10.0,2
19-Feb-16,Microsoft MSN Explorer,2
19-Feb-16,Microsoft MSN Explorer 9.0,1
20-Feb-16,Microsoft Internet Explorer 11,3507
20-Feb-16,Microsoft Internet Explorer 9,646
20-Feb-16,Microsoft Internet Explorer 10,260
20-Feb-16,Microsoft Internet Explorer 8,212
20-Feb-16,Internet Explorer Mobile 11.0,142
20-Feb-16,Internet Explorer 11.0,14
20-Feb-16,Microsoft Internet Explorer 6.0,9
20-Feb-16,Microsoft Internet Explorer 7.0,4
20-Feb-16,Microsoft Internet Explorer (unknown version),2
20-Feb-16,Internet Explorer Mobile 10.0,1
20-Feb-16,Internet Explorer Mobile 7.0,1
20-Feb-16,Microsoft MSN Explorer,1
21-Feb-16,Microsoft Internet Explorer 11,6829
21-Feb-16,Microsoft Internet Explorer 9,1191
21-Feb-16,Microsoft Internet Explorer 10,403
21-Feb-16,Microsoft Internet Explorer 8,295
21-Feb-16,Internet Explorer Mobile 11.0,167
21-Feb-16,Internet Explorer 11.0,18
21-Feb-16,Microsoft Internet Explorer 6.0,10
21-Feb-16,Microsoft Internet Explorer 7.0,4
21-Feb-16,Internet Explorer Mobile 10.0,3
21-Feb-16,Internet Explorer Mobile 9.0,2
21-Feb-16,Microsoft Internet Explorer 7.0 beta,2
21-Feb-16,Microsoft MSN Explorer,2
21-Feb-16,Internet Explorer Mobile 7.0,1
21-Feb-16,Microsoft Internet Explorer (unknown version),1
22-Feb-16,Microsoft Internet Explorer 11,22259
22-Feb-16,Microsoft Internet Explorer 9,1816
22-Feb-16,Microsoft Internet Explorer 10,1360
22-Feb-16,Microsoft Internet Explorer 8,858
22-Feb-16,Internet Explorer Mobile 11.0,186
22-Feb-16,Internet Explorer 11.0,19
22-Feb-16,Microsoft Internet Explorer 7.0,18
22-Feb-16,Microsoft Internet Explorer 6.0,15
22-Feb-16,Microsoft Internet Explorer (unknown version),9
22-Feb-16,Internet Explorer Mobile 10.0,5
22-Feb-16,Internet Explorer Mobile 9.0,5
22-Feb-16,Microsoft MSN Explorer,2
22-Feb-16,Internet Explorer 10.0,1
22-Feb-16,Microsoft Internet Explorer 5.5,1
23-Feb-16,Microsoft Internet Explorer 11,22346
23-Feb-16,Microsoft Internet Explorer 9,1546
23-Feb-16,Microsoft Internet Explorer 10,1354
23-Feb-16,Microsoft Internet Explorer 8,910
23-Feb-16,Internet Explorer Mobile 11.0,210
23-Feb-16,Microsoft Internet Explorer (unknown version),64
23-Feb-16,Internet Explorer 11.0,27
23-Feb-16,Microsoft Internet Explorer 6.0,20
23-Feb-16,Microsoft Internet Explorer 7.0,8
23-Feb-16,Microsoft Internet Explorer 5.5,5
23-Feb-16,Microsoft MSN Explorer,3
23-Feb-16,Internet Explorer Mobile 10.0,2
24-Feb-16,Microsoft Internet Explorer 11,21141
24-Feb-16,Microsoft Internet Explorer 10,1431
24-Feb-16,Microsoft Internet Explorer 9,1367
24-Feb-16,Microsoft Internet Explorer 8,802
24-Feb-16,Internet Explorer Mobile 11.0,174
24-Feb-16,Microsoft Internet Explorer (unknown version),84
24-Feb-16,Internet Explorer 11.0,20
24-Feb-16,Microsoft Internet Explorer 6.0,14
24-Feb-16,Microsoft Internet Explorer 7.0,10
24-Feb-16,Microsoft MSN Explorer,6
24-Feb-16,Internet Explorer Mobile 10.0,3
24-Feb-16,Internet Explorer Mobile 9.0,2
25-Feb-16,Microsoft Internet Explorer 11,20744
25-Feb-16,Microsoft Internet Explorer 9,1396
25-Feb-16,Microsoft Internet Explorer 10,1276
25-Feb-16,Microsoft Internet Explorer 8,731
25-Feb-16,Internet Explorer Mobile 11.0,180
25-Feb-16,Microsoft Internet Explorer (unknown version),33
25-Feb-16,Microsoft Internet Explorer 6.0,21
25-Feb-16,Internet Explorer 11.0,17
25-Feb-16,Microsoft Internet Explorer 7.0,17
25-Feb-16,Microsoft MSN Explorer,6
25-Feb-16,Internet Explorer Mobile 10.0,3
25-Feb-16,Internet Explorer Mobile 9.0,1
25-Feb-16,Internet Explorer 10.0,1
25-Feb-16,Microsoft MSN Explorer 9.0,1
26-Feb-16,Microsoft Internet Explorer 11,15279
26-Feb-16,Microsoft Internet Explorer 9,1122
26-Feb-16,Microsoft Internet Explorer 10,1010
26-Feb-16,Microsoft Internet Explorer 8,522
26-Feb-16,Internet Explorer Mobile 11.0,207
26-Feb-16,Microsoft Internet Explorer (unknown version),36
26-Feb-16,Internet Explorer 11.0,9
26-Feb-16,Microsoft Internet Explorer 6.0,8
26-Feb-16,Microsoft Internet Explorer 7.0,6
26-Feb-16,Internet Explorer Mobile 10.0,5
26-Feb-16,Microsoft MSN Explorer,2
26-Feb-16,Internet Explorer Mobile 9.0,1
26-Feb-16,Microsoft Internet Explorer 7.0 beta,1
26-Feb-16,Microsoft Internet Explorer 5.0,1
27-Feb-16,Microsoft Internet Explorer 11,3073
27-Feb-16,Microsoft Internet Explorer 9,433
27-Feb-16,Microsoft Internet Explorer 10,243
27-Feb-16,Microsoft Internet Explorer 8,197
27-Feb-16,Internet Explorer Mobile 11.0,151
27-Feb-16,Internet Explorer 11.0,19
27-Feb-16,Microsoft Internet Explorer 7.0,11
27-Feb-16,Microsoft Internet Explorer 6.0,11
27-Feb-16,Microsoft Internet Explorer (unknown version),5
27-Feb-16,Internet Explorer Mobile 10.0,3
27-Feb-16,Internet Explorer Mobile 9.0,3
27-Feb-16,Microsoft MSN Explorer,2
28-Feb-16,Microsoft Internet Explorer 11,5793
28-Feb-16,Microsoft Internet Explorer 9,559
28-Feb-16,Microsoft Internet Explorer 10,344
28-Feb-16,Microsoft Internet Explorer 8,241
28-Feb-16,Internet Explorer Mobile 11.0,137
28-Feb-16,Internet Explorer 11.0,16
28-Feb-16,Microsoft Internet Explorer 6.0,10
28-Feb-16,Microsoft Internet Explorer 7.0,6
28-Feb-16,Microsoft Internet Explorer (unknown version),4
28-Feb-16,Microsoft MSN Explorer,2
28-Feb-16,Internet Explorer Mobile 10.0,1
28-Feb-16,Internet Explorer 10.0,1
28-Feb-16,Microsoft MSN Explorer 9.0,1
29-Feb-16,Microsoft Internet Explorer 11,19835
29-Feb-16,Microsoft Internet Explorer 10,1181
29-Feb-16,Microsoft Internet Explorer 9,1180
29-Feb-16,Microsoft Internet Explorer 8,722
29-Feb-16,Internet Explorer Mobile 11.0,223
29-Feb-16,Microsoft Internet Explorer (unknown version),16
29-Feb-16,Internet Explorer 11.0,12
29-Feb-16,Microsoft Internet Explorer 7.0,11
29-Feb-16,Microsoft Internet Explorer 6.0,4
29-Feb-16,Microsoft MSN Explorer,4
29-Feb-16,Internet Explorer Mobile 9.0,3
29-Feb-16,Internet Explorer 9.0,2
29-Feb-16,Internet Explorer Mobile,2
29-Feb-16,Microsoft MSN Explorer 9.0,2
29-Feb-16,Internet Explorer Mobile 10.0,1
29-Feb-16,Internet Explorer Mobile 7.0,1
29-Feb-16,Internet Explorer 10.0,1
29-Feb-16,Microsoft Internet Explorer 7.0 beta,1
1-Mar-16,Microsoft Internet Explorer 11,25434
1-Mar-16,Microsoft Internet Explorer 9,1508
1-Mar-16,Microsoft Internet Explorer 10,1466
1-Mar-16,Microsoft Internet Explorer 8,793
1-Mar-16,Internet Explorer Mobile 11.0,383
1-Mar-16,Microsoft Internet Explorer 6.0,20
1-Mar-16,Internet Explorer 11.0,18
1-Mar-16,Microsoft Internet Explorer (unknown version),16
1-Mar-16,Microsoft MSN Explorer,13
1-Mar-16,Microsoft Internet Explorer 7.0,9
1-Mar-16,Internet Explorer Mobile 10.0,4
1-Mar-16,Internet Explorer 10.0,1
1-Mar-16,Microsoft Internet Explorer 5.5,1
1-Mar-16,Microsoft Internet Explorer 4.01,1
2-Mar-16,Microsoft Internet Explorer 11,25472
2-Mar-16,Microsoft Internet Explorer 10,1540
2-Mar-16,Microsoft Internet Explorer 9,1532
2-Mar-16,Microsoft Internet Explorer 8,697
2-Mar-16,Internet Explorer Mobile 11.0,217
2-Mar-16,Microsoft Internet Explorer 6.0,26
2-Mar-16,Internet Explorer 11.0,13
2-Mar-16,Microsoft Internet Explorer (unknown version),11
2-Mar-16,Microsoft Internet Explorer 7.0,10
2-Mar-16,Microsoft MSN Explorer,10
3-Mar-16,Microsoft Internet Explorer 11,22698
3-Mar-16,Microsoft Internet Explorer 10,1365
3-Mar-16,Microsoft Internet Explorer 9,1365
3-Mar-16,Microsoft Internet Explorer 8,713
3-Mar-16,Internet Explorer Mobile 11.0,189
3-Mar-16,Microsoft Internet Explorer (unknown version),44
3-Mar-16,Microsoft Internet Explorer 6.0,21
3-Mar-16,Internet Explorer 11.0,14
3-Mar-16,Microsoft Internet Explorer 7.0,8
3-Mar-16,Microsoft MSN Explorer,6
3-Mar-16,Internet Explorer Mobile 10.0,5
3-Mar-16,Internet Explorer Mobile 9.0,4
3-Mar-16,Microsoft Internet Explorer 5.5,1
4-Mar-16,Microsoft Internet Explorer 11,16693
4-Mar-16,Microsoft Internet Explorer 9,1092
4-Mar-16,Microsoft Internet Explorer 10,973
4-Mar-16,Microsoft Internet Explorer 8,555
4-Mar-16,Internet Explorer Mobile 11.0,227
4-Mar-16,Microsoft Internet Explorer (unknown version),54
4-Mar-16,Microsoft Internet Explorer 6.0,26
4-Mar-16,Internet Explorer 11.0,12
4-Mar-16,Microsoft MSN Explorer,7
4-Mar-16,Internet Explorer Mobile 10.0,6
4-Mar-16,Microsoft Internet Explorer 7.0,6
4-Mar-16,Internet Explorer 9.0,2
4-Mar-16,Internet Explorer Mobile 9.0,2
4-Mar-16,Internet Explorer Mobile 7.0,1
4-Mar-16,Microsoft Internet Explorer 5.5,1
5-Mar-16,Microsoft Internet Explorer 11,3489
5-Mar-16,Microsoft Internet Explorer 9,398
5-Mar-16,Microsoft Internet Explorer 10,276
5-Mar-16,Microsoft Internet Explorer 8,228
5-Mar-16,Internet Explorer Mobile 11.0,194
5-Mar-16,Internet Explorer 11.0,9
5-Mar-16,Microsoft Internet Explorer 6.0,9
5-Mar-16,Microsoft Internet Explorer 7.0,7
5-Mar-16,Internet Explorer Mobile 10.0,5
5-Mar-16,Microsoft Internet Explorer (unknown version),4
5-Mar-16,Microsoft Internet Explorer 7.0 beta,2
5-Mar-16,Microsoft MSN Explorer,2
5-Mar-16,Microsoft MSN Explorer 9.0,1
6-Mar-16,Microsoft Internet Explorer 11,6291
6-Mar-16,Microsoft Internet Explorer 9,533
6-Mar-16,Microsoft Internet Explorer 10,364
6-Mar-16,Microsoft Internet Explorer 8,324
6-Mar-16,Internet Explorer Mobile 11.0,147
6-Mar-16,Internet Explorer 11.0,14
6-Mar-16,Microsoft Internet Explorer (unknown version),11
6-Mar-16,Microsoft Internet Explorer 6.0,8
6-Mar-16,Microsoft Internet Explorer 7.0,6
6-Mar-16,Internet Explorer Mobile 10.0,4
6-Mar-16,Internet Explorer 10.0,2
6-Mar-16,Microsoft MSN Explorer,1
7-Mar-16,Microsoft Internet Explorer 11,20911
7-Mar-16,Microsoft Internet Explorer 9,1303
7-Mar-16,Microsoft Internet Explorer 10,1204
7-Mar-16,Microsoft Internet Explorer 8,709
7-Mar-16,Internet Explorer Mobile 11.0,173
7-Mar-16,Microsoft Internet Explorer (unknown version),28
7-Mar-16,Internet Explorer 11.0,16
7-Mar-16,Microsoft Internet Explorer 6.0,10
7-Mar-16,Microsoft Internet Explorer 7.0,8
7-Mar-16,Internet Explorer Mobile 10.0,4
7-Mar-16,Microsoft MSN Explorer,4
7-Mar-16,Internet Explorer 10.0,2
8-Mar-16,Microsoft Internet Explorer 11,23518
8-Mar-16,Microsoft Internet Explorer 10,1405
8-Mar-16,Microsoft Internet Explorer 9,1330
8-Mar-16,Microsoft Internet Explorer 8,742
8-Mar-16,Internet Explorer Mobile 11.0,226
8-Mar-16,Microsoft Internet Explorer 7.0,15
8-Mar-16,Internet Explorer 11.0,12
8-Mar-16,Microsoft Internet Explorer (unknown version),12
8-Mar-16,Microsoft Internet Explorer 6.0,8
8-Mar-16,Internet Explorer Mobile 10.0,2
8-Mar-16,Internet Explorer Mobile 9.0,1
8-Mar-16,Microsoft MSN Explorer,1
9-Mar-16,Microsoft Internet Explorer 11,22003
9-Mar-16,Microsoft Internet Explorer 9,1318
9-Mar-16,Microsoft Internet Explorer 10,1254
9-Mar-16,Microsoft Internet Explorer 8,692
9-Mar-16,Internet Explorer Mobile 11.0,201
9-Mar-16,Internet Explorer 11.0,23
9-Mar-16,Microsoft Internet Explorer (unknown version),15
9-Mar-16,Microsoft Internet Explorer 7.0,13
9-Mar-16,Microsoft Internet Explorer 6.0,7
9-Mar-16,Microsoft MSN Explorer,7
9-Mar-16,Internet Explorer Mobile 10.0,2
9-Mar-16,Internet Explorer 10.0,2
9-Mar-16,Microsoft Internet Explorer 5.5,2
9-Mar-16,Internet Explorer Mobile 9.0,1
10-Mar-16,Microsoft Internet Explorer 11,21833
10-Mar-16,Microsoft Internet Explorer 9,1571
10-Mar-16,Microsoft Internet Explorer 10,1257
10-Mar-16,Microsoft Internet Explorer 8,661
10-Mar-16,Internet Explorer Mobile 11.0,184
10-Mar-16,Microsoft Internet Explorer (unknown version),22
10-Mar-16,Internet Explorer 11.0,15
10-Mar-16,Microsoft Internet Explorer 7.0,15
10-Mar-16,Microsoft Internet Explorer 6.0,7
10-Mar-16,Internet Explorer Mobile 10.0,4
10-Mar-16,Microsoft MSN Explorer,3
10-Mar-16,Internet Explorer Mobile 9.0,2
10-Mar-16,Microsoft Internet Explorer 5.5,2
10-Mar-16,Internet Explorer 10.0,1
10-Mar-16,Microsoft MSN Explorer 9.0,1
11-Mar-16,Microsoft Internet Explorer 11,15553
11-Mar-16,Microsoft Internet Explorer 9,1473
11-Mar-16,Microsoft Internet Explorer 10,907
11-Mar-16,Microsoft Internet Explorer 8,456
11-Mar-16,Internet Explorer Mobile 11.0,149
11-Mar-16,Internet Explorer 11.0,15
11-Mar-16,Microsoft Internet Explorer (unknown version),15
11-Mar-16,Microsoft Internet Explorer 6.0,12
11-Mar-16,Microsoft MSN Explorer,6
11-Mar-16,Microsoft Internet Explorer 7.0,5
11-Mar-16,Internet Explorer Mobile 10.0,2
11-Mar-16,Internet Explorer Mobile 7.0,2
11-Mar-16,Internet Explorer Mobile 9.0,2
11-Mar-16,Microsoft MSN Explorer 9.0,2
11-Mar-16,Internet Explorer 10.0,1
12-Mar-16,Microsoft Internet Explorer 11,3361
12-Mar-16,Microsoft Internet Explorer 9,313
12-Mar-16,Microsoft Internet Explorer 10,203
12-Mar-16,Microsoft Internet Explorer 8,200
12-Mar-16,Internet Explorer Mobile 11.0,142
12-Mar-16,Internet Explorer 11.0,12
12-Mar-16,Microsoft Internet Explorer 6.0,9
12-Mar-16,Microsoft Internet Explorer 7.0,5
12-Mar-16,Internet Explorer Mobile 10.0,2
12-Mar-16,Microsoft Internet Explorer (unknown version),2
12-Mar-16,Microsoft MSN Explorer,2
12-Mar-16,Internet Explorer Mobile 9.0,1
12-Mar-16,Internet Explorer 10.0,1
12-Mar-16,Internet Explorer Mobile,1
13-Mar-16,Microsoft Internet Explorer 11,5377
13-Mar-16,Microsoft Internet Explorer 9,413
13-Mar-16,Microsoft Internet Explorer 10,306
13-Mar-16,Microsoft Internet Explorer 8,234
13-Mar-16,Internet Explorer Mobile 11.0,128
13-Mar-16,Internet Explorer 11.0,16
13-Mar-16,Microsoft Internet Explorer 7.0,8
13-Mar-16,Microsoft Internet Explorer 6.0,8
13-Mar-16,Microsoft MSN Explorer,3
13-Mar-16,Internet Explorer Mobile 9.0,2
13-Mar-16,Internet Explorer 9.0,1
13-Mar-16,Internet Explorer Mobile 10.0,1
13-Mar-16,Internet Explorer Mobile 7.0,1
13-Mar-16,Internet Explorer 10.0,1
13-Mar-16,Microsoft Internet Explorer (unknown version),1
14-Mar-16,Microsoft Internet Explorer 11,20926
14-Mar-16,Microsoft Internet Explorer 9,1185
14-Mar-16,Microsoft Internet Explorer 10,1184
14-Mar-16,Microsoft Internet Explorer 8,614
14-Mar-16,Internet Explorer Mobile 11.0,138
14-Mar-16,Microsoft Internet Explorer (unknown version),19
14-Mar-16,Microsoft Internet Explorer 6.0,19
14-Mar-16,Internet Explorer 11.0,12
14-Mar-16,Microsoft Internet Explorer 7.0,9
14-Mar-16,Microsoft MSN Explorer,9
14-Mar-16,Internet Explorer Mobile 10.0,3
14-Mar-16,Internet Explorer Mobile 9.0,3
14-Mar-16,Internet Explorer 10.0,1
14-Mar-16,Microsoft MSN Explorer 9.0,1
15-Mar-16,Microsoft Internet Explorer 11,21516
15-Mar-16,Microsoft Internet Explorer 10,1209
15-Mar-16,Microsoft Internet Explorer 9,1202
15-Mar-16,Microsoft Internet Explorer 8,638
15-Mar-16,Internet Explorer Mobile 11.0,173
15-Mar-16,Microsoft Internet Explorer (unknown version),18
15-Mar-16,Internet Explorer 11.0,15
15-Mar-16,Microsoft Internet Explorer 6.0,13
15-Mar-16,Microsoft Internet Explorer 7.0,10
15-Mar-16,Microsoft MSN Explorer,5
15-Mar-16,Internet Explorer 9.0,2
15-Mar-16,Internet Explorer Mobile 10.0,2
15-Mar-16,Internet Explorer 10.0,2
15-Mar-16,Internet Explorer Mobile 7.0,1
15-Mar-16,Internet Explorer Mobile 9.0,1
16-Mar-16,Microsoft Internet Explorer 11,21593
16-Mar-16,Microsoft Internet Explorer 9,1237
16-Mar-16,Microsoft Internet Explorer 10,1189
16-Mar-16,Microsoft Internet Explorer 8,648
16-Mar-16,Internet Explorer Mobile 11.0,178
16-Mar-16,Internet Explorer 11.0,18
16-Mar-16,Microsoft Internet Explorer (unknown version),14
16-Mar-16,Microsoft Internet Explorer 6.0,14
16-Mar-16,Microsoft Internet Explorer 7.0,10
16-Mar-16,Microsoft MSN Explorer,3
16-Mar-16,Internet Explorer Mobile 10.0,2
16-Mar-16,Internet Explorer Mobile 9.0,2
16-Mar-16,Internet Explorer 10.0,1
16-Mar-16,Microsoft MSN Explorer 9.0,1
17-Mar-16,Microsoft Internet Explorer 11,20235
17-Mar-16,Microsoft Internet Explorer 9,1179
17-Mar-16,Microsoft Internet Explorer 10,1150
17-Mar-16,Microsoft Internet Explorer 8,626
17-Mar-16,Internet Explorer Mobile 11.0,163
17-Mar-16,Microsoft Internet Explorer 6.0,19
17-Mar-16,Microsoft Internet Explorer 7.0,15
17-Mar-16,Internet Explorer 11.0,11
17-Mar-16,Microsoft Internet Explorer (unknown version),11
17-Mar-16,Microsoft MSN Explorer,10
17-Mar-16,Internet Explorer Mobile 7.0,2
17-Mar-16,Internet Explorer Mobile 10.0,1
17-Mar-16,Internet Explorer Mobile 9.0,1
17-Mar-16,Internet Explorer 10.0,1
17-Mar-16,Microsoft MSN Explorer 9.0,1
17-Mar-16,Microsoft Internet Explorer 7.0 beta,1
17-Mar-16,Microsoft Internet Explorer 5.5,1
17-Mar-16,Microsoft Internet Explorer 3.0,1
18-Mar-16,Microsoft Internet Explorer 11,16034
18-Mar-16,Microsoft Internet Explorer 9,941
18-Mar-16,Microsoft Internet Explorer 10,842
18-Mar-16,Microsoft Internet Explorer 8,510
18-Mar-16,Internet Explorer Mobile 11.0,177
18-Mar-16,Internet Explorer 11.0,18
18-Mar-16,Microsoft Internet Explorer (unknown version),14
18-Mar-16,Microsoft Internet Explorer 6.0,14
18-Mar-16,Microsoft Internet Explorer 7.0,10
18-Mar-16,Microsoft MSN Explorer,4
18-Mar-16,Internet Explorer Mobile 9.0,3
18-Mar-16,Internet Explorer Mobile 10.0,1
18-Mar-16,Internet Explorer Mobile 7.0,1
18-Mar-16,Internet Explorer 10.0,1
18-Mar-16,Microsoft Internet Explorer 7.0 beta,1
19-Mar-16,Microsoft Internet Explorer 11,2961
19-Mar-16,Microsoft Internet Explorer 9,343
19-Mar-16,Microsoft Internet Explorer 10,200
19-Mar-16,Microsoft Internet Explorer 8,188
19-Mar-16,Internet Explorer Mobile 11.0,106
19-Mar-16,Internet Explorer 11.0,15
19-Mar-16,Microsoft Internet Explorer 7.0,8
19-Mar-16,Microsoft Internet Explorer (unknown version),4
19-Mar-16,Internet Explorer Mobile 10.0,3
19-Mar-16,Microsoft Internet Explorer 6.0,3
19-Mar-16,Internet Explorer Mobile 7.0,1
19-Mar-16,Internet Explorer Mobile 9.0,1
20-Mar-16,Microsoft Internet Explorer 11,3760
20-Mar-16,Microsoft Internet Explorer 9,392
20-Mar-16,Microsoft Internet Explorer 10,248
20-Mar-16,Microsoft Internet Explorer 8,194
20-Mar-16,Internet Explorer Mobile 11.0,119
20-Mar-16,Microsoft Internet Explorer 6.0,13
20-Mar-16,Internet Explorer 11.0,5
20-Mar-16,Microsoft Internet Explorer (unknown version),4
20-Mar-16,Internet Explorer Mobile 10.0,2
20-Mar-16,Internet Explorer 10.0,1
20-Mar-16,Microsoft Internet Explorer 7.0,1
21-Mar-16,Microsoft Internet Explorer 11,16648
21-Mar-16,Microsoft Internet Explorer 9,1031
21-Mar-16,Microsoft Internet Explorer 10,1010
21-Mar-16,Microsoft Internet Explorer 8,594
21-Mar-16,Internet Explorer Mobile 11.0,141
21-Mar-16,Microsoft Internet Explorer (unknown version),19
21-Mar-16,Microsoft Internet Explorer 6.0,10
21-Mar-16,Internet Explorer 11.0,8
21-Mar-16,Microsoft Internet Explorer 7.0,5
21-Mar-16,Internet Explorer Mobile 10.0,3
21-Mar-16,Internet Explorer 10.0,1
21-Mar-16,Internet Explorer Mobile,1
21-Mar-16,Microsoft MSN Explorer,1
22-Mar-16,Microsoft Internet Explorer 11,20834
22-Mar-16,Microsoft Internet Explorer 9,1187
22-Mar-16,Microsoft Internet Explorer 10,1104
22-Mar-16,Microsoft Internet Explorer 8,662
22-Mar-16,Internet Explorer Mobile 11.0,172
22-Mar-16,Microsoft Internet Explorer 6.0,17
22-Mar-16,Microsoft Internet Explorer 7.0,16
22-Mar-16,Internet Explorer 11.0,15
22-Mar-16,Microsoft Internet Explorer (unknown version),9
22-Mar-16,Internet Explorer Mobile 10.0,7
22-Mar-16,Microsoft MSN Explorer,3
22-Mar-16,Internet Explorer Mobile 9.0,1
23-Mar-16,Microsoft Internet Explorer 11,19596
23-Mar-16,Microsoft Internet Explorer 9,1135
23-Mar-16,Microsoft Internet Explorer 10,968
23-Mar-16,Microsoft Internet Explorer 8,544
23-Mar-16,Internet Explorer Mobile 11.0,158
23-Mar-16,Microsoft Internet Explorer (unknown version),24
23-Mar-16,Microsoft Internet Explorer 6.0,21
23-Mar-16,Internet Explorer 11.0,20
23-Mar-16,Microsoft Internet Explorer 7.0,7
23-Mar-16,Microsoft MSN Explorer,5
23-Mar-16,Internet Explorer Mobile 10.0,2
23-Mar-16,Microsoft MSN Explorer 9.0,1
23-Mar-16,Microsoft Internet Explorer 5.5,1
24-Mar-16,Microsoft Internet Explorer 11,17890
24-Mar-16,Microsoft Internet Explorer 9,993
24-Mar-16,Microsoft Internet Explorer 10,874
24-Mar-16,Microsoft Internet Explorer 8,524
24-Mar-16,Internet Explorer Mobile 11.0,139
24-Mar-16,Microsoft Internet Explorer 6.0,24
24-Mar-16,Internet Explorer 11.0,14
24-Mar-16,Microsoft Internet Explorer 7.0,6
24-Mar-16,Microsoft Internet Explorer (unknown version),5
24-Mar-16,Internet Explorer Mobile 10.0,4
24-Mar-16,Internet Explorer Mobile 9.0,2
24-Mar-16,Microsoft MSN Explorer,2
24-Mar-16,Internet Explorer 10.0,1
24-Mar-16,Microsoft MSN Explorer 9.0,1
25-Mar-16,Microsoft Internet Explorer 11,9774
25-Mar-16,Microsoft Internet Explorer 9,613
25-Mar-16,Microsoft Internet Explorer 10,475
25-Mar-16,Microsoft Internet Explorer 8,308
25-Mar-16,Internet Explorer Mobile 11.0,146
25-Mar-16,Internet Explorer 11.0,10
25-Mar-16,Microsoft Internet Explorer (unknown version),5
25-Mar-16,Internet Explorer Mobile 9.0,3
25-Mar-16,Microsoft MSN Explorer,3
25-Mar-16,Microsoft Internet Explorer 7.0,2
25-Mar-16,Microsoft Internet Explorer 6.0,2
25-Mar-16,Internet Explorer Mobile 10.0,1
26-Mar-16,Microsoft Internet Explorer 11,2537
26-Mar-16,Microsoft Internet Explorer 9,293
26-Mar-16,Microsoft Internet Explorer 10,169
26-Mar-16,Microsoft Internet Explorer 8,169
26-Mar-16,Internet Explorer Mobile 11.0,117
26-Mar-16,Internet Explorer 11.0,8
26-Mar-16,Microsoft Internet Explorer 7.0,5
26-Mar-16,Internet Explorer Mobile 10.0,4
26-Mar-16,Microsoft Internet Explorer 6.0,3
26-Mar-16,Internet Explorer Mobile 9.0,2
26-Mar-16,Microsoft MSN Explorer,2
26-Mar-16,Microsoft MSN Explorer 9.0,1
26-Mar-16,Microsoft Internet Explorer (unknown version),1
27-Mar-16,Microsoft Internet Explorer 11,4302
27-Mar-16,Microsoft Internet Explorer 9,379
27-Mar-16,Microsoft Internet Explorer 10,236
27-Mar-16,Microsoft Internet Explorer 8,183
27-Mar-16,Internet Explorer Mobile 11.0,82
27-Mar-16,Internet Explorer 11.0,16
27-Mar-16,Microsoft Internet Explorer 6.0,6
27-Mar-16,Microsoft Internet Explorer 7.0,4
27-Mar-16,Internet Explorer Mobile 10.0,3
27-Mar-16,Microsoft Internet Explorer (unknown version),2
27-Mar-16,Internet Explorer Mobile 9.0,1
27-Mar-16,Microsoft MSN Explorer 9.0,1
28-Mar-16,Microsoft Internet Explorer 11,15371
28-Mar-16,Microsoft Internet Explorer 9,839
28-Mar-16,Microsoft Internet Explorer 10,829
28-Mar-16,Microsoft Internet Explorer 8,532
28-Mar-16,Internet Explorer Mobile 11.0,116
28-Mar-16,Internet Explorer 11.0,16
28-Mar-16,Microsoft Internet Explorer 6.0,12
28-Mar-16,Microsoft Internet Explorer 7.0,6
28-Mar-16,Microsoft MSN Explorer,6
28-Mar-16,Microsoft Internet Explorer (unknown version),4
28-Mar-16,Internet Explorer Mobile 10.0,2
28-Mar-16,Internet Explorer Mobile 9.0,2
29-Mar-16,Microsoft Internet Explorer 11,20258
29-Mar-16,Microsoft Internet Explorer 10,1129
29-Mar-16,Microsoft Internet Explorer 9,1070
29-Mar-16,Microsoft Internet Explorer 8,639
29-Mar-16,Internet Explorer Mobile 11.0,143
29-Mar-16,Internet Explorer 11.0,16
29-Mar-16,Microsoft Internet Explorer 6.0,16
29-Mar-16,Microsoft Internet Explorer (unknown version),7
29-Mar-16,Microsoft Internet Explorer 7.0,5
29-Mar-16,Internet Explorer Mobile 10.0,4
29-Mar-16,Internet Explorer Mobile 9.0,4
29-Mar-16,Microsoft MSN Explorer,4
30-Mar-16,Microsoft Internet Explorer 11,19094
30-Mar-16,Microsoft Internet Explorer 9,1094
30-Mar-16,Microsoft Internet Explorer 10,967
30-Mar-16,Microsoft Internet Explorer 8,498
30-Mar-16,Internet Explorer Mobile 11.0,165
30-Mar-16,Internet Explorer 11.0,9
30-Mar-16,Internet Explorer Mobile 10.0,8
30-Mar-16,Microsoft Internet Explorer (unknown version),8
30-Mar-16,Microsoft Internet Explorer 6.0,7
30-Mar-16,Microsoft Internet Explorer 7.0,6
30-Mar-16,Internet Explorer Mobile 9.0,4
30-Mar-16,Microsoft Internet Explorer 6.0 beta,3
30-Mar-16,Microsoft MSN Explorer,3
30-Mar-16,Internet Explorer 10.0,1
31-Mar-16,Microsoft Internet Explorer 11,18307
31-Mar-16,Microsoft Internet Explorer 9,1078
31-Mar-16,Microsoft Internet Explorer 10,1016
31-Mar-16,Microsoft Internet Explorer 8,556
31-Mar-16,Internet Explorer Mobile 11.0,168
31-Mar-16,Microsoft Internet Explorer 7.0,12
31-Mar-16,Internet Explorer 11.0,7
31-Mar-16,Internet Explorer Mobile 10.0,5
31-Mar-16,Internet Explorer Mobile 9.0,4
31-Mar-16,Microsoft Internet Explorer 6.0,4
31-Mar-16,Microsoft Internet Explorer (unknown version),3
31-Mar-16,Microsoft MSN Explorer,3
31-Mar-16,Internet Explorer Mobile 7.0,1
31-Mar-16,Microsoft MSN Explorer 9.0,1
1-Apr-16,Microsoft Internet Explorer 11,15936
1-Apr-16,Microsoft Internet Explorer 10,885
1-Apr-16,Microsoft Internet Explorer 9,812
1-Apr-16,Microsoft Internet Explorer 8,511
1-Apr-16,Internet Explorer Mobile 11.0,255
1-Apr-16,Internet Explorer 11.0,16
1-Apr-16,Microsoft Internet Explorer 6.0,8
1-Apr-16,Microsoft Internet Explorer 7.0,6
1-Apr-16,Microsoft MSN Explorer,4
1-Apr-16,Internet Explorer Mobile 9.0,3
1-Apr-16,Internet Explorer Mobile 10.0,2
1-Apr-16,Microsoft Internet Explorer (unknown version),2
1-Apr-16,Internet Explorer Mobile 7.0,1
1-Apr-16,Microsoft Internet Explorer 5.5,1
2-Apr-16,Microsoft Internet Explorer 11,3034
2-Apr-16,Microsoft Internet Explorer 9,278
2-Apr-16,Microsoft Internet Explorer 10,227
2-Apr-16,Microsoft Internet Explorer 8,194
2-Apr-16,Internet Explorer Mobile 11.0,172
2-Apr-16,Microsoft Internet Explorer 7.0,24
2-Apr-16,Internet Explorer 11.0,16
2-Apr-16,Internet Explorer Mobile 10.0,3
2-Apr-16,Microsoft Internet Explorer (unknown version),2
2-Apr-16,Microsoft Internet Explorer 6.0,2
2-Apr-16,Internet Explorer Mobile 9.0,1
2-Apr-16,Microsoft MSN Explorer 9.0,1
2-Apr-16,Microsoft MSN Explorer,1
3-Apr-16,Microsoft Internet Explorer 11,4894
3-Apr-16,Microsoft Internet Explorer 9,349
3-Apr-16,Microsoft Internet Explorer 10,263
3-Apr-16,Microsoft Internet Explorer 8,212
3-Apr-16,Internet Explorer Mobile 11.0,135
3-Apr-16,Internet Explorer 11.0,9
3-Apr-16,Microsoft Internet Explorer 7.0,5
3-Apr-16,Microsoft Internet Explorer (unknown version),4
3-Apr-16,Internet Explorer Mobile 9.0,3
3-Apr-16,Microsoft Internet Explorer 6.0,2
3-Apr-16,Microsoft MSN Explorer,2
3-Apr-16,Internet Explorer Mobile 10.0,1
3-Apr-16,Internet Explorer Mobile 7.0,1
4-Apr-16,Microsoft Internet Explorer 11,20344
4-Apr-16,Microsoft Internet Explorer 9,1026
4-Apr-16,Microsoft Internet Explorer 10,985
4-Apr-16,Microsoft Internet Explorer 8,468
4-Apr-16,Internet Explorer Mobile 11.0,127
4-Apr-16,Microsoft Internet Explorer 7.0,15
4-Apr-16,Internet Explorer 11.0,11
4-Apr-16,Microsoft Internet Explorer 6.0,8
4-Apr-16,Microsoft Internet Explorer (unknown version),6
4-Apr-16,Microsoft MSN Explorer,4
4-Apr-16,Internet Explorer Mobile 10.0,3
4-Apr-16,Microsoft MSN Explorer 9.0,3
4-Apr-16,Internet Explorer Mobile 9.0,1
4-Apr-16,Internet Explorer 10.0,1
5-Apr-16,Microsoft Internet Explorer 11,20905
5-Apr-16,Microsoft Internet Explorer 9,1142
5-Apr-16,Microsoft Internet Explorer 10,1086
5-Apr-16,Microsoft Internet Explorer 8,572
5-Apr-16,Internet Explorer Mobile 11.0,121
5-Apr-16,Internet Explorer 11.0,16
5-Apr-16,Microsoft Internet Explorer (unknown version),16
5-Apr-16,Microsoft Internet Explorer 7.0,14
5-Apr-16,Microsoft Internet Explorer 6.0,11
5-Apr-16,Microsoft MSN Explorer,6
5-Apr-16,Internet Explorer Mobile 10.0,3
5-Apr-16,Internet Explorer Mobile 7.0,1
5-Apr-16,Internet Explorer Mobile 9.0,1
5-Apr-16,Microsoft Internet Explorer 5.5,1
6-Apr-16,Microsoft Internet Explorer 11,21404
6-Apr-16,Microsoft Internet Explorer 9,1113
6-Apr-16,Microsoft Internet Explorer 10,1050
6-Apr-16,Microsoft Internet Explorer 8,623
6-Apr-16,Internet Explorer Mobile 11.0,146
6-Apr-16,Internet Explorer 11.0,12
6-Apr-16,Microsoft Internet Explorer (unknown version),10
6-Apr-16,Microsoft Internet Explorer 7.0,10
6-Apr-16,Microsoft Internet Explorer 6.0,8
6-Apr-16,Internet Explorer Mobile 10.0,2
6-Apr-16,Microsoft MSN Explorer 9.0,2
6-Apr-16,Microsoft MSN Explorer,2
6-Apr-16,Internet Explorer Mobile 9.0,1
6-Apr-16,Microsoft Internet Explorer 5.5,1
7-Apr-16,Microsoft Internet Explorer 11,20111
7-Apr-16,Microsoft Internet Explorer 9,1037
7-Apr-16,Microsoft Internet Explorer 10,1017
7-Apr-16,Microsoft Internet Explorer 8,515
7-Apr-16,Internet Explorer Mobile 11.0,135
7-Apr-16,Microsoft Internet Explorer 7.0,13
7-Apr-16,Internet Explorer 11.0,7
7-Apr-16,Microsoft Internet Explorer (unknown version),5
7-Apr-16,Internet Explorer Mobile 9.0,4
7-Apr-16,Microsoft Internet Explorer 6.0,4
7-Apr-16,Internet Explorer Mobile 10.0,3
7-Apr-16,Microsoft MSN Explorer,2
7-Apr-16,Microsoft Internet Explorer 5.5,1
8-Apr-16,Microsoft Internet Explorer 11,14656
8-Apr-16,Microsoft Internet Explorer 9,820
8-Apr-16,Microsoft Internet Explorer 10,753
8-Apr-16,Microsoft Internet Explorer 8,472
8-Apr-16,Internet Explorer Mobile 11.0,116
8-Apr-16,Microsoft Internet Explorer 7.0,9
8-Apr-16,Internet Explorer 11.0,6
8-Apr-16,Microsoft Internet Explorer 6.0,5
8-Apr-16,Microsoft MSN Explorer,5
8-Apr-16,Microsoft Internet Explorer (unknown version),3
8-Apr-16,Internet Explorer Mobile 9.0,2
8-Apr-16,Internet Explorer Mobile 10.0,1
8-Apr-16,Microsoft Internet Explorer 5.5,1
9-Apr-16,Microsoft Internet Explorer 11,2732
9-Apr-16,Microsoft Internet Explorer 9,272
9-Apr-16,Microsoft Internet Explorer 8,214
9-Apr-16,Microsoft Internet Explorer 10,152
9-Apr-16,Internet Explorer Mobile 11.0,97
9-Apr-16,Microsoft Internet Explorer 7.0,13
9-Apr-16,Internet Explorer 11.0,8
9-Apr-16,Microsoft Internet Explorer 6.0,6
9-Apr-16,Internet Explorer Mobile 9.0,5
9-Apr-16,Microsoft Internet Explorer (unknown version),5
9-Apr-16,Internet Explorer Mobile 10.0,3
9-Apr-16,Microsoft MSN Explorer,2
9-Apr-16,Microsoft MSN Explorer 9.0,1
10-Apr-16,Microsoft Internet Explorer 11,4774
10-Apr-16,Microsoft Internet Explorer 9,380
10-Apr-16,Microsoft Internet Explorer 10,277
10-Apr-16,Microsoft Internet Explorer 8,231
10-Apr-16,Internet Explorer Mobile 11.0,101
10-Apr-16,Internet Explorer 11.0,9
10-Apr-16,Microsoft Internet Explorer 7.0,5
10-Apr-16,Microsoft MSN Explorer,4
10-Apr-16,Internet Explorer Mobile 10.0,2
10-Apr-16,Microsoft Internet Explorer 6.0,2
10-Apr-16,Microsoft Internet Explorer (unknown version),1
11-Apr-16,Microsoft Internet Explorer 11,20067
11-Apr-16,Microsoft Internet Explorer 9,1108
11-Apr-16,Microsoft Internet Explorer 10,1076
11-Apr-16,Microsoft Internet Explorer 8,543
11-Apr-16,Internet Explorer Mobile 11.0,139
11-Apr-16,Microsoft Internet Explorer 7.0,12
11-Apr-16,Internet Explorer 11.0,11
11-Apr-16,Microsoft Internet Explorer 6.0,10
11-Apr-16,Internet Explorer Mobile 10.0,3
11-Apr-16,Microsoft Internet Explorer (unknown version),3
11-Apr-16,Microsoft MSN Explorer,3
11-Apr-16,Microsoft Internet Explorer 5.5,2
11-Apr-16,Internet Explorer Mobile 9.0,1
12-Apr-16,Microsoft Internet Explorer 11,21854
12-Apr-16,Microsoft Internet Explorer 9,1410
12-Apr-16,Microsoft Internet Explorer 10,1013
12-Apr-16,Microsoft Internet Explorer 8,593
12-Apr-16,Internet Explorer Mobile 11.0,147
12-Apr-16,Microsoft Internet Explorer 7.0,15
12-Apr-16,Internet Explorer 11.0,11
12-Apr-16,Microsoft Internet Explorer 6.0,8
12-Apr-16,Internet Explorer Mobile 10.0,5
12-Apr-16,Microsoft Internet Explorer (unknown version),5
12-Apr-16,Microsoft MSN Explorer,2
12-Apr-16,Microsoft Internet Explorer 5.5,2
12-Apr-16,Internet Explorer Mobile 7.0,1
12-Apr-16,Internet Explorer Mobile 9.0,1
12-Apr-16,Microsoft MSN Explorer 9.0,1
13-Apr-16,Microsoft Internet Explorer 11,21834
13-Apr-16,Microsoft Internet Explorer 9,1400
13-Apr-16,Microsoft Internet Explorer 10,1115
13-Apr-16,Microsoft Internet Explorer 8,544
13-Apr-16,Internet Explorer Mobile 11.0,112
13-Apr-16,Microsoft Internet Explorer 7.0,12
13-Apr-16,Internet Explorer 11.0,10
13-Apr-16,Microsoft Internet Explorer (unknown version),9
13-Apr-16,Microsoft Internet Explorer 6.0,8
13-Apr-16,Internet Explorer Mobile 10.0,5
13-Apr-16,Internet Explorer Mobile 9.0,5
13-Apr-16,Microsoft MSN Explorer 9.0,1
13-Apr-16,Microsoft MSN Explorer,1
13-Apr-16,Microsoft Internet Explorer 5.5,1
14-Apr-16,Microsoft Internet Explorer 11,21145
14-Apr-16,Microsoft Internet Explorer 10,1052
14-Apr-16,Microsoft Internet Explorer 9,1024
14-Apr-16,Microsoft Internet Explorer 8,519
14-Apr-16,Internet Explorer Mobile 11.0,135
14-Apr-16,Microsoft Internet Explorer 7.0,19
14-Apr-16,Microsoft Internet Explorer 6.0,18
14-Apr-16,Internet Explorer 11.0,7
14-Apr-16,Microsoft Internet Explorer (unknown version),4
14-Apr-16,Microsoft MSN Explorer,4
14-Apr-16,Microsoft Internet Explorer 5.5,1
15-Apr-16,Microsoft Internet Explorer 11,14888
15-Apr-16,Microsoft Internet Explorer 9,846
15-Apr-16,Microsoft Internet Explorer 10,775
15-Apr-16,Microsoft Internet Explorer 8,393
15-Apr-16,Internet Explorer Mobile 11.0,133
15-Apr-16,Microsoft Internet Explorer 6.0,12
15-Apr-16,Internet Explorer 11.0,8
15-Apr-16,Microsoft Internet Explorer (unknown version),6
15-Apr-16,Microsoft Internet Explorer 7.0,6
15-Apr-16,Internet Explorer Mobile 10.0,5
15-Apr-16,Microsoft MSN Explorer,4
15-Apr-16,Internet Explorer 10.0,1
16-Apr-16,Microsoft Internet Explorer 11,2673
16-Apr-16,Microsoft Internet Explorer 9,547
16-Apr-16,Microsoft Internet Explorer 8,179
16-Apr-16,Microsoft Internet Explorer 10,142
16-Apr-16,Internet Explorer Mobile 11.0,84
16-Apr-16,Internet Explorer 11.0,9
16-Apr-16,Microsoft Internet Explorer 6.0,5
16-Apr-16,Microsoft Internet Explorer 7.0,4
16-Apr-16,Microsoft MSN Explorer,4
16-Apr-16,Internet Explorer Mobile 10.0,2
16-Apr-16,Internet Explorer Mobile 9.0,1
17-Apr-16,Microsoft Internet Explorer 11,4906
17-Apr-16,Microsoft Internet Explorer 9,414
17-Apr-16,Microsoft Internet Explorer 10,242
17-Apr-16,Microsoft Internet Explorer 8,205
17-Apr-16,Internet Explorer Mobile 11.0,107
17-Apr-16,Microsoft Internet Explorer 6.0,11
17-Apr-16,Internet Explorer 11.0,4
17-Apr-16,Internet Explorer Mobile 10.0,3
17-Apr-16,Microsoft Internet Explorer 7.0,2
17-Apr-16,Microsoft Internet Explorer (unknown version),1
18-Apr-16,Microsoft Internet Explorer 11,20067
18-Apr-16,Microsoft Internet Explorer 10,971
18-Apr-16,Microsoft Internet Explorer 9,944
18-Apr-16,Microsoft Internet Explorer 8,593
18-Apr-16,Internet Explorer Mobile 11.0,114
18-Apr-16,Internet Explorer 11.0,17
18-Apr-16,Microsoft Internet Explorer 7.0,10
18-Apr-16,Microsoft Internet Explorer 6.0,10
18-Apr-16,Microsoft Internet Explorer (unknown version),6
18-Apr-16,Microsoft MSN Explorer,5
18-Apr-16,Internet Explorer Mobile 9.0,3
18-Apr-16,Internet Explorer Mobile 10.0,2
18-Apr-16,Internet Explorer 10.0,1
18-Apr-16,Microsoft MSN Explorer 9.0,1
18-Apr-16,Microsoft Internet Explorer 5.5,1
18-Apr-16,Microsoft Internet Explorer 4.01,1
19-Apr-16,Microsoft Internet Explorer 11,21296
19-Apr-16,Microsoft Internet Explorer 10,1100
19-Apr-16,Microsoft Internet Explorer 9,1010
19-Apr-16,Microsoft Internet Explorer 8,799
19-Apr-16,Internet Explorer Mobile 11.0,136
19-Apr-16,Microsoft Internet Explorer 6.0,21
19-Apr-16,Microsoft Internet Explorer (unknown version),12
19-Apr-16,Microsoft Internet Explorer 7.0,10
19-Apr-16,Microsoft MSN Explorer,7
19-Apr-16,Internet Explorer 11.0,6
19-Apr-16,Internet Explorer Mobile 10.0,6
19-Apr-16,Microsoft Internet Explorer 5.5,2
19-Apr-16,Internet Explorer Mobile 7.0,1
19-Apr-16,Internet Explorer Mobile 9.0,1
19-Apr-16,Microsoft MSN Explorer 9.0,1
19-Apr-16,Microsoft Internet Explorer 4.01,1
20-Apr-16,Microsoft Internet Explorer 11,20632
20-Apr-16,Microsoft Internet Explorer 10,974
20-Apr-16,Microsoft Internet Explorer 9,960
20-Apr-16,Microsoft Internet Explorer 8,555
20-Apr-16,Internet Explorer Mobile 11.0,114
20-Apr-16,Internet Explorer 11.0,13
20-Apr-16,Microsoft Internet Explorer 6.0,11
20-Apr-16,Microsoft Internet Explorer (unknown version),9
20-Apr-16,Microsoft Internet Explorer 7.0,9
20-Apr-16,Microsoft MSN Explorer,6
20-Apr-16,Internet Explorer Mobile 10.0,5
20-Apr-16,Internet Explorer 9.0,1
20-Apr-16,Microsoft Internet Explorer 5.5,1
21-Apr-16,Microsoft Internet Explorer 11,20402
21-Apr-16,Microsoft Internet Explorer 9,1018
21-Apr-16,Microsoft Internet Explorer 10,954
21-Apr-16,Microsoft Internet Explorer 8,546
21-Apr-16,Internet Explorer Mobile 11.0,128
21-Apr-16,Microsoft Internet Explorer 6.0,13
21-Apr-16,Microsoft Internet Explorer 7.0,9
21-Apr-16,Internet Explorer 11.0,7
21-Apr-16,Internet Explorer Mobile 10.0,4
21-Apr-16,Microsoft Internet Explorer (unknown version),4
21-Apr-16,Internet Explorer Mobile 7.0,1
21-Apr-16,Internet Explorer Mobile 9.0,1
21-Apr-16,Microsoft MSN Explorer 9.0,1
21-Apr-16,Microsoft MSN Explorer,1
22-Apr-16,Microsoft Internet Explorer 11,15620
22-Apr-16,Microsoft Internet Explorer 9,932
22-Apr-16,Microsoft Internet Explorer 10,730
22-Apr-16,Microsoft Internet Explorer 8,435
22-Apr-16,Internet Explorer Mobile 11.0,103
22-Apr-16,Microsoft Internet Explorer 7.0,15
22-Apr-16,Microsoft Internet Explorer 6.0,10
22-Apr-16,Internet Explorer 11.0,9
22-Apr-16,Internet Explorer Mobile 10.0,8
22-Apr-16,Internet Explorer Mobile 9.0,3
22-Apr-16,Microsoft Internet Explorer (unknown version),3
22-Apr-16,Internet Explorer Mobile 7.0,1
22-Apr-16,Microsoft MSN Explorer,1
22-Apr-16,Microsoft Internet Explorer 5.5,1
23-Apr-16,Microsoft Internet Explorer 11,2850
23-Apr-16,Microsoft Internet Explorer 9,372
23-Apr-16,Microsoft Internet Explorer 10,185
23-Apr-16,Microsoft Internet Explorer 8,174
23-Apr-16,Internet Explorer Mobile 11.0,118
23-Apr-16,Microsoft Internet Explorer 6.0,15
23-Apr-16,Internet Explorer 11.0,7
23-Apr-16,Microsoft MSN Explorer,4
23-Apr-16,Microsoft Internet Explorer 7.0,3
23-Apr-16,Microsoft Internet Explorer (unknown version),2
23-Apr-16,Internet Explorer Mobile 9.0,1
23-Apr-16,Internet Explorer 10.0,1
24-Apr-16,Microsoft Internet Explorer 11,4756
24-Apr-16,Microsoft Internet Explorer 9,358
24-Apr-16,Microsoft Internet Explorer 10,266
24-Apr-16,Microsoft Internet Explorer 8,210
24-Apr-16,Internet Explorer Mobile 11.0,89
24-Apr-16,Internet Explorer 11.0,9
24-Apr-16,Microsoft Internet Explorer 7.0,9
24-Apr-16,Microsoft Internet Explorer 6.0,8
24-Apr-16,Microsoft Internet Explorer (unknown version),7
24-Apr-16,Internet Explorer Mobile 10.0,4
24-Apr-16,Microsoft MSN Explorer,2
24-Apr-16,Internet Explorer Mobile 7.0,1
24-Apr-16,Internet Explorer Mobile 9.0,1
25-Apr-16,Microsoft Internet Explorer 11,19735
25-Apr-16,Microsoft Internet Explorer 10,879
25-Apr-16,Microsoft Internet Explorer 9,873
25-Apr-16,Microsoft Internet Explorer 8,553
25-Apr-16,Internet Explorer Mobile 11.0,144
25-Apr-16,Microsoft Internet Explorer 7.0,16
25-Apr-16,Microsoft Internet Explorer 6.0,12
25-Apr-16,Internet Explorer Mobile 9.0,7
25-Apr-16,Microsoft Internet Explorer (unknown version),7
25-Apr-16,Internet Explorer 11.0,6
25-Apr-16,Internet Explorer Mobile 10.0,4
25-Apr-16,Microsoft Internet Explorer 5.5,4
25-Apr-16,Microsoft MSN Explorer 9.0,1
25-Apr-16,Microsoft MSN Explorer,1
26-Apr-16,Microsoft Internet Explorer 11,20956
26-Apr-16,Microsoft Internet Explorer 9,1091
26-Apr-16,Microsoft Internet Explorer 10,939
26-Apr-16,Microsoft Internet Explorer 8,588
26-Apr-16,Internet Explorer Mobile 11.0,119
26-Apr-16,Microsoft Internet Explorer 7.0,9
26-Apr-16,Microsoft Internet Explorer 6.0,9
26-Apr-16,Internet Explorer 11.0,8
26-Apr-16,Microsoft Internet Explorer (unknown version),7
26-Apr-16,Internet Explorer Mobile 9.0,3
26-Apr-16,Microsoft MSN Explorer 9.0,3
26-Apr-16,Microsoft MSN Explorer,3
26-Apr-16,Internet Explorer Mobile 10.0,1
26-Apr-16,Microsoft Internet Explorer 5.5,1
27-Apr-16,Microsoft Internet Explorer 11,20318
27-Apr-16,Microsoft Internet Explorer 9,990
27-Apr-16,Microsoft Internet Explorer 10,892
27-Apr-16,Microsoft Internet Explorer 8,573
27-Apr-16,Internet Explorer Mobile 11.0,149
27-Apr-16,Microsoft Internet Explorer 6.0,13
27-Apr-16,Microsoft Internet Explorer 7.0,11
27-Apr-16,Internet Explorer Mobile 10.0,7
27-Apr-16,Internet Explorer 11.0,6
27-Apr-16,Microsoft Internet Explorer (unknown version),4
27-Apr-16,Internet Explorer Mobile 9.0,2
27-Apr-16,Microsoft MSN Explorer,2
28-Apr-16,Microsoft Internet Explorer 11,18849
28-Apr-16,Microsoft Internet Explorer 9,969
28-Apr-16,Microsoft Internet Explorer 10,902
28-Apr-16,Microsoft Internet Explorer 8,522
28-Apr-16,Internet Explorer Mobile 11.0,160
28-Apr-16,Microsoft MSN Explorer,11
28-Apr-16,Microsoft Internet Explorer 6.0,9
28-Apr-16,Microsoft Internet Explorer (unknown version),6
28-Apr-16,Internet Explorer Mobile 10.0,5
28-Apr-16,Microsoft Internet Explorer 7.0,5
28-Apr-16,Internet Explorer 11.0,4
28-Apr-16,Internet Explorer Mobile 9.0,2
28-Apr-16,Internet Explorer 10.0,2
28-Apr-16,Microsoft Internet Explorer 5.5,1
29-Apr-16,Microsoft Internet Explorer 11,12522
29-Apr-16,Microsoft Internet Explorer 9,711
29-Apr-16,Microsoft Internet Explorer 10,644
29-Apr-16,Microsoft Internet Explorer 8,398
29-Apr-16,Internet Explorer Mobile 11.0,124
29-Apr-16,Internet Explorer 11.0,10
29-Apr-16,Microsoft Internet Explorer (unknown version),5
29-Apr-16,Microsoft Internet Explorer 6.0,5
29-Apr-16,Internet Explorer Mobile 10.0,4
29-Apr-16,Microsoft MSN Explorer,4
29-Apr-16,Microsoft Internet Explorer 7.0,3
29-Apr-16,Internet Explorer Mobile 9.0,2
29-Apr-16,Internet Explorer 10.0,2
29-Apr-16,Microsoft Internet Explorer 5.5,2
29-Apr-16,Internet Explorer Mobile 7.0,1
30-Apr-16,Microsoft Internet Explorer 11,2440
30-Apr-16,Microsoft Internet Explorer 9,440
30-Apr-16,Microsoft Internet Explorer 8,194
30-Apr-16,Microsoft Internet Explorer 10,182
30-Apr-16,Internet Explorer Mobile 11.0,111
30-Apr-16,Microsoft Internet Explorer 7.0,9
30-Apr-16,Microsoft Internet Explorer 6.0,8
30-Apr-16,Internet Explorer 11.0,6
30-Apr-16,Internet Explorer Mobile 10.0,3
30-Apr-16,Internet Explorer 9.0,1
30-Apr-16,Microsoft MSN Explorer 9.0,1
30-Apr-16,Microsoft Internet Explorer (unknown version),1
1-May-16,Microsoft Internet Explorer 11,3730
1-May-16,Microsoft Internet Explorer 9,654
1-May-16,Microsoft Internet Explorer 10,252
1-May-16,Microsoft Internet Explorer 8,174
1-May-16,Internet Explorer Mobile 11.0,88
1-May-16,Internet Explorer 11.0,5
1-May-16,Internet Explorer Mobile 10.0,5
1-May-16,Microsoft Internet Explorer 7.0,5
1-May-16,Microsoft Internet Explorer (unknown version),4
1-May-16,Internet Explorer 10.0,2
1-May-16,Microsoft Internet Explorer 6.0,2
1-May-16,Internet Explorer 9.0,1
1-May-16,Internet Explorer Mobile 7.0,1
1-May-16,Microsoft MSN Explorer,1
2-May-16,Microsoft Internet Explorer 11,15098
2-May-16,Microsoft Internet Explorer 9,944
2-May-16,Microsoft Internet Explorer 10,741
2-May-16,Microsoft Internet Explorer 8,425
2-May-16,Internet Explorer Mobile 11.0,129
2-May-16,Internet Explorer 11.0,9
2-May-16,Internet Explorer Mobile 10.0,9
2-May-16,Microsoft Internet Explorer 7.0,8
2-May-16,Microsoft Internet Explorer 6.0,8
2-May-16,Internet Explorer 10.0,3
2-May-16,Internet Explorer Mobile 7.0,1
2-May-16,Internet Explorer Mobile 9.0,1
2-May-16,Microsoft Internet Explorer (unknown version),1
2-May-16,Microsoft MSN Explorer,1
2-May-16,Microsoft Internet Explorer 5.5,1
3-May-16,Microsoft Internet Explorer 11,16508
3-May-16,Microsoft Internet Explorer 10,896
3-May-16,Microsoft Internet Explorer 9,747
3-May-16,Microsoft Internet Explorer 8,496
3-May-16,Internet Explorer Mobile 11.0,131
3-May-16,Internet Explorer 11.0,12
3-May-16,Microsoft Internet Explorer 6.0,10
3-May-16,Microsoft Internet Explorer (unknown version),5
3-May-16,Microsoft Internet Explorer 7.0,4
3-May-16,Internet Explorer Mobile 10.0,2
3-May-16,Internet Explorer 10.0,2
3-May-16,Microsoft MSN Explorer,2
3-May-16,Microsoft Internet Explorer 5.5,2
3-May-16,Internet Explorer Mobile 9.0,1
3-May-16,Microsoft MSN Explorer 9.0,1
4-May-16,Microsoft Internet Explorer 11,16346
4-May-16,Microsoft Internet Explorer 9,962
4-May-16,Microsoft Internet Explorer 10,848
4-May-16,Microsoft Internet Explorer 8,586
4-May-16,Internet Explorer Mobile 11.0,135
4-May-16,Microsoft Internet Explorer 7.0,24
4-May-16,Microsoft Internet Explorer 6.0,9
4-May-16,Internet Explorer 11.0,8
4-May-16,Microsoft Internet Explorer (unknown version),8
4-May-16,Internet Explorer Mobile 10.0,3
4-May-16,Microsoft MSN Explorer,3
4-May-16,Internet Explorer 10.0,1
5-May-16,Microsoft Internet Explorer 11,14887
5-May-16,Microsoft Internet Explorer 9,991
5-May-16,Microsoft Internet Explorer 10,741
5-May-16,Microsoft Internet Explorer 8,482
5-May-16,Internet Explorer Mobile 11.0,134
5-May-16,Internet Explorer 11.0,10
5-May-16,Microsoft Internet Explorer 6.0,10
5-May-16,Microsoft Internet Explorer 7.0,9
5-May-16,Microsoft Internet Explorer (unknown version),7
5-May-16,Internet Explorer Mobile 10.0,3
5-May-16,Internet Explorer Mobile 7.0,2
5-May-16,Internet Explorer Mobile 9.0,2
5-May-16,Internet Explorer 6.0,2
5-May-16,Microsoft MSN Explorer,2
5-May-16,Internet Explorer 10.0,1
5-May-16,Microsoft Internet Explorer 5.5,1
6-May-16,Microsoft Internet Explorer 11,13402
6-May-16,Microsoft Internet Explorer 9,919
6-May-16,Microsoft Internet Explorer 10,672
6-May-16,Microsoft Internet Explorer 8,396
6-May-16,Internet Explorer Mobile 11.0,107
6-May-16,Microsoft Internet Explorer 7.0,15
6-May-16,Microsoft Internet Explorer (unknown version),12
6-May-16,Microsoft Internet Explorer 6.0,9
6-May-16,Internet Explorer 11.0,6
6-May-16,Internet Explorer Mobile 10.0,4
6-May-16,Microsoft MSN Explorer,2
6-May-16,Internet Explorer Mobile 7.0,1
6-May-16,Microsoft MSN Explorer 9.0,1
6-May-16,Microsoft Internet Explorer 5.5,1
7-May-16,Microsoft Internet Explorer 11,2681
7-May-16,Microsoft Internet Explorer 9,397
7-May-16,Microsoft Internet Explorer 8,232
7-May-16,Microsoft Internet Explorer 10,192
7-May-16,Internet Explorer Mobile 11.0,117
7-May-16,Microsoft Internet Explorer (unknown version),11
7-May-16,Microsoft Internet Explorer 6.0,7
7-May-16,Microsoft Internet Explorer 7.0,3
7-May-16,Internet Explorer 11.0,2
7-May-16,Internet Explorer Mobile 10.0,2
8-May-16,Microsoft Internet Explorer 11,5483
8-May-16,Microsoft Internet Explorer 9,446
8-May-16,Microsoft Internet Explorer 10,296
8-May-16,Microsoft Internet Explorer 8,211
8-May-16,Internet Explorer Mobile 11.0,74
8-May-16,Microsoft Internet Explorer (unknown version),20
8-May-16,Internet Explorer 11.0,10
8-May-16,Microsoft Internet Explorer 7.0,6
8-May-16,Microsoft Internet Explorer 6.0,5
8-May-16,Microsoft MSN Explorer,3
8-May-16,Internet Explorer Mobile 10.0,2
8-May-16,Internet Explorer Mobile 9.0,2
9-May-16,Microsoft Internet Explorer 11,22032
9-May-16,Microsoft Internet Explorer 9,1029
9-May-16,Microsoft Internet Explorer 10,953
9-May-16,Microsoft Internet Explorer 8,512
9-May-16,Internet Explorer Mobile 11.0,139
9-May-16,Microsoft Internet Explorer (unknown version),35
9-May-16,Microsoft Internet Explorer 7.0,11
9-May-16,Internet Explorer 11.0,9
9-May-16,Microsoft Internet Explorer 6.0,7
9-May-16,Internet Explorer Mobile 10.0,6
9-May-16,Microsoft MSN Explorer,3
9-May-16,Internet Explorer Mobile 9.0,1
10-May-16,Microsoft Internet Explorer 11,23281
10-May-16,Microsoft Internet Explorer 9,1083
10-May-16,Microsoft Internet Explorer 10,996
10-May-16,Microsoft Internet Explorer 8,562
10-May-16,Internet Explorer Mobile 11.0,153
10-May-16,Microsoft Internet Explorer (unknown version),23
10-May-16,Internet Explorer 11.0,12
10-May-16,Microsoft Internet Explorer 7.0,12
10-May-16,Microsoft Internet Explorer 6.0,9
10-May-16,Internet Explorer Mobile 10.0,5
10-May-16,Microsoft MSN Explorer,3
10-May-16,Microsoft MSN Explorer 9.0,1
11-May-16,Microsoft Internet Explorer 11,22189
11-May-16,Microsoft Internet Explorer 9,1165
11-May-16,Microsoft Internet Explorer 10,964
11-May-16,Microsoft Internet Explorer 8,531
11-May-16,Internet Explorer Mobile 11.0,179
11-May-16,Microsoft Internet Explorer 7.0,28
11-May-16,Microsoft Internet Explorer (unknown version),15
11-May-16,Internet Explorer Mobile 10.0,4
11-May-16,Internet Explorer 11.0,3
11-May-16,Microsoft Internet Explorer 6.0,3
11-May-16,Microsoft MSN Explorer,3
11-May-16,Internet Explorer Mobile 9.0,2
11-May-16,Internet Explorer 9.0,1
11-May-16,Microsoft MSN Explorer 9.0,1
11-May-16,Microsoft Internet Explorer 5.5,1
12-May-16,Microsoft Internet Explorer 11,21431
12-May-16,Microsoft Internet Explorer 9,1105
12-May-16,Microsoft Internet Explorer 10,907
12-May-16,Microsoft Internet Explorer 8,569
12-May-16,Internet Explorer Mobile 11.0,163
12-May-16,Microsoft Internet Explorer 7.0,17
12-May-16,Internet Explorer 11.0,11
12-May-16,Microsoft Internet Explorer (unknown version),7
12-May-16,Internet Explorer Mobile 10.0,4
12-May-16,Microsoft Internet Explorer 6.0,3
12-May-16,Microsoft MSN Explorer,2
12-May-16,Microsoft Internet Explorer 5.0,1
13-May-16,Microsoft Internet Explorer 11,16088
13-May-16,Microsoft Internet Explorer 9,1076
13-May-16,Microsoft Internet Explorer 10,705
13-May-16,Microsoft Internet Explorer 8,452
13-May-16,Internet Explorer Mobile 11.0,124
13-May-16,Microsoft Internet Explorer 7.0,16
13-May-16,Microsoft Internet Explorer (unknown version),10
13-May-16,Internet Explorer Mobile 10.0,8
13-May-16,Microsoft Internet Explorer 6.0,7
13-May-16,Microsoft MSN Explorer,7
13-May-16,Internet Explorer 11.0,6
13-May-16,Microsoft Internet Explorer 5.5,1
14-May-16,Microsoft Internet Explorer 11,2974
14-May-16,Microsoft Internet Explorer 9,655
14-May-16,Microsoft Internet Explorer 10,206
14-May-16,Microsoft Internet Explorer 8,197
14-May-16,Internet Explorer Mobile 11.0,125
14-May-16,Microsoft Internet Explorer (unknown version),11
14-May-16,Internet Explorer 11.0,9
14-May-16,Microsoft Internet Explorer 7.0,5
14-May-16,Microsoft Internet Explorer 6.0,3
14-May-16,Microsoft MSN Explorer,3
14-May-16,Internet Explorer Mobile 10.0,2
14-May-16,Microsoft MSN Explorer 9.0,1
15-May-16,Microsoft Internet Explorer 11,5336
15-May-16,Microsoft Internet Explorer 9,916
15-May-16,Microsoft Internet Explorer 8,237
15-May-16,Microsoft Internet Explorer 10,230
15-May-16,Internet Explorer Mobile 11.0,130
15-May-16,Microsoft Internet Explorer 7.0,13
15-May-16,Internet Explorer 11.0,11
15-May-16,Microsoft Internet Explorer (unknown version),4
15-May-16,Microsoft Internet Explorer 6.0,3
15-May-16,Internet Explorer Mobile 10.0,2
15-May-16,Microsoft MSN Explorer,2
15-May-16,Internet Explorer 9.0,1
15-May-16,Internet Explorer Mobile 9.0,1
16-May-16,Microsoft Internet Explorer 11,17978
16-May-16,Microsoft Internet Explorer 9,860
16-May-16,Microsoft Internet Explorer 10,702
16-May-16,Microsoft Internet Explorer 8,495
16-May-16,Internet Explorer Mobile 11.0,143
16-May-16,Microsoft Internet Explorer 7.0,23
16-May-16,Internet Explorer 11.0,11
16-May-16,Microsoft Internet Explorer (unknown version),9
16-May-16,Microsoft Internet Explorer 6.0,4
16-May-16,Microsoft MSN Explorer,4
16-May-16,Internet Explorer Mobile 10.0,2
16-May-16,Internet Explorer 9.0,1
16-May-16,Internet Explorer 10.0,1
17-May-16,Microsoft Internet Explorer 11,21030
17-May-16,Microsoft Internet Explorer 9,857
17-May-16,Microsoft Internet Explorer 10,796
17-May-16,Microsoft Internet Explorer 8,538
17-May-16,Internet Explorer Mobile 11.0,169
17-May-16,Microsoft Internet Explorer 7.0,19
17-May-16,Internet Explorer 11.0,15
17-May-16,Internet Explorer Mobile 10.0,5
17-May-16,Microsoft Internet Explorer (unknown version),5
17-May-16,Microsoft Internet Explorer 6.0,5
17-May-16,Internet Explorer Mobile 9.0,1
17-May-16,Microsoft Internet Explorer 5.5,1
18-May-16,Microsoft Internet Explorer 11,20836
18-May-16,Microsoft Internet Explorer 10,878
18-May-16,Microsoft Internet Explorer 9,729
18-May-16,Microsoft Internet Explorer 8,584
18-May-16,Internet Explorer Mobile 11.0,194
18-May-16,Microsoft Internet Explorer 7.0,32
18-May-16,Microsoft Internet Explorer 6.0,14
18-May-16,Internet Explorer 11.0,13
18-May-16,Microsoft Internet Explorer (unknown version),5
18-May-16,Microsoft MSN Explorer,5
18-May-16,Internet Explorer Mobile 10.0,4
18-May-16,Internet Explorer Mobile 7.0,1
18-May-16,Internet Explorer Mobile 9.0,1